{
  "trained_at": "2026-03-14T18:49:04.335244+00:00",
  "train_rows": 8273,
  "val_rows": 974,
  "accuracy": 0.9640657084188912,
  "intents": [
    "ask_emergency_contact",
    "ask_recent_incidents",
    "ask_safe_route",
    "cancel_report",
    "confirm",
    "deny",
    "driver_alerts_near_me",
    "fallback",
    "find_nearby_service",
    "find_quick_tips",
    "get_weather_alerts",
    "goodbye",
    "greet",
    "how_to_fix_issue",
    "ood_negative",
    "policy_terms",
    "report_incident",
    "road_condition_status",
    "smalltalk_bot_ready",
    "sos_help",
    "status_query"
  ],
  "classification_report": {
    "ask_emergency_contact": {
      "precision": 1.0,
      "recall": 0.9302325581395349,
      "f1-score": 0.963855421686747,
      "support": 86.0
    },
    "ask_recent_incidents": {
      "precision": 0.9920634920634921,
      "recall": 0.9689922480620154,
      "f1-score": 0.9803921568627451,
      "support": 129.0
    },
    "ask_safe_route": {
      "precision": 1.0,
      "recall": 1.0,
      "f1-score": 1.0,
      "support": 72.0
    },
    "cancel_report": {
      "precision": 1.0,
      "recall": 1.0,
      "f1-score": 1.0,
      "support": 1.0
    },
    "confirm": {
      "precision": 0.08695652173913043,
      "recall": 0.6666666666666666,
      "f1-score": 0.15384615384615385,
      "support": 3.0
    },
    "deny": {
      "precision": 0.0,
      "recall": 0.0,
      "f1-score": 0.0,
      "support": 1.0
    },
    "driver_alerts_near_me": {
      "precision": 0.9726027397260274,
      "recall": 0.9466666666666667,
      "f1-score": 0.9594594594594594,
      "support": 75.0
    },
    "fallback": {
      "precision": 0.0,
      "recall": 0.0,
      "f1-score": 0.0,
      "support": 1.0
    },
    "find_nearby_service": {
      "precision": 1.0,
      "recall": 0.9545454545454546,
      "f1-score": 0.9767441860465116,
      "support": 66.0
    },
    "find_quick_tips": {
      "precision": 1.0,
      "recall": 0.9722222222222222,
      "f1-score": 0.9859154929577465,
      "support": 72.0
    },
    "get_weather_alerts": {
      "precision": 0.9880952380952381,
      "recall": 0.9651162790697675,
      "f1-score": 0.9764705882352941,
      "support": 86.0
    },
    "goodbye": {
      "precision": 0.0,
      "recall": 0.0,
      "f1-score": 0.0,
      "support": 1.0
    },
    "greet": {
      "precision": 1.0,
      "recall": 0.5,
      "f1-score": 0.6666666666666666,
      "support": 2.0
    },
    "how_to_fix_issue": {
      "precision": 1.0,
      "recall": 1.0,
      "f1-score": 1.0,
      "support": 92.0
    },
    "report_incident": {
      "precision": 0.9779411764705882,
      "recall": 0.9779411764705882,
      "f1-score": 0.9779411764705882,
      "support": 136.0
    },
    "road_condition_status": {
      "precision": 0.9866666666666667,
      "recall": 0.9866666666666667,
      "f1-score": 0.9866666666666667,
      "support": 75.0
    },
    "smalltalk_bot_ready": {
      "precision": 0.0,
      "recall": 0.0,
      "f1-score": 0.0,
      "support": 1.0
    },
    "sos_help": {
      "precision": 0.9863013698630136,
      "recall": 0.96,
      "f1-score": 0.972972972972973,
      "support": 75.0
    },
    "accuracy": 0.9640657084188912,
    "macro avg": {
      "precision": 0.7217015113680088,
      "recall": 0.7127249965838658,
      "f1-score": 0.7000517189928641,
      "support": 974.0
    },
    "weighted avg": {
      "precision": 0.9837074525018238,
      "recall": 0.9640657084188912,
      "f1-score": 0.9728100216508434,
      "support": 974.0
    }
  }
}